{
    "train": {
        "box_loss": 0.63445,
        "cls_loss": 0.39712,
        "dfl_loss": 0.89299
    },
    "metrics": {
        "precision(B)": 0.837285726968117,
        "recall(B)": 0.7877387087970467,
        "mAP50(B)": 0.8505590972173799,
        "mAP50-95(B)": 0.665004527308071
    },
    "val": {
        "box_loss": 0.73208,
        "cls_loss": 0.5333,
        "dfl_loss": 0.93972
    },
    "lr": {
        "pg0": 0.00010640000000000042,
        "pg1": 0.00010640000000000042,
        "pg2": 0.00010640000000000042
    },
    "model": {
        "parameters": 13249516,
        "GFLOPs": 78.088,
        "speed_PyTorch(ms)": 2.416
    },
    "step": 299
}
